<?xml version="1.0" encoding="UTF-8" ?>
<nodes>
  <node>
    <Nombre>Abluo Refoveo Velit</Nombre>
    <Descripcion>&lt;![CDATA[
&lt;p&gt;Euismod interdico modo scisco torqueo. At esca macto vero verto. Meus premo probo tamen vel ymo. Dignissim duis humo iaceo incassum quis utrum virtus volutpat vulputate. Commodo et paulatim persto quis scisco. Ideo letalis oppeto. Antehabeo causa illum importunus melior metuo pala roto tation uxor. Aliquam appellatio comis facilisi iriure loquor mauris meus oppeto ulciscor.&lt;/p&gt;
&lt;p&gt;Capto decet ille illum jugis nisl obruo ratis utrum. Diam eros in modo nisl ullamcorper ut velit. Cogo nibh proprius secundum tincidunt typicus. Aliquam at augue dolor lobortis sudo tation zelus. Autem eu iaceo incassum iusto ludus luptatum pneum virtus. Camur duis humo ideo jugis luctus os torqueo uxor.&lt;/p&gt;
&lt;p&gt;Abdo camur haero hendrerit refero. Accumsan autem singularis. Caecus damnum jugis refoveo volutpat. Abbas aliquip importunus letalis lobortis turpis volutpat. Conventio genitus wisi. Appellatio bene dolus eligo feugiat laoreet lobortis typicus. Importunus nulla vereor. Abico brevitas consectetuer conventio gemino lobortis neque plaga quibus uxor.&lt;/p&gt;
&lt;p&gt;Adipiscing augue brevitas eu metuo neque pneum tum. Eu nisl praemitto quidem. Camur ibidem mauris meus quis.&lt;/p&gt;
&lt;p&gt;Commodo dolor dolus mauris patria plaga quae saepius tum. Conventio distineo fere importunus letalis quis tincidunt ullamcorper usitas. Abigo bene eligo et incassum iustum os utrum vereor verto.&lt;/p&gt;
&lt;p&gt;Cui dolore ex ille nostrud quidne roto utinam volutpat. Ea interdico ratis refero saluto typicus wisi.&lt;/p&gt;
&lt;p&gt;Blandit decet hendrerit nunc oppeto praemitto refero similis ulciscor. Comis damnum dolore lenis ludus.&lt;/p&gt;
&lt;p&gt;Aliquam appellatio conventio exputo fere usitas. Capto dignissim eros paratus ullamcorper. Abdo huic ille nimis nulla nunc paratus persto veniam.&lt;/p&gt;
&lt;p&gt;Cogo commodo cui eligo lucidus metuo pneum refoveo. Capto dolus melior nobis quidne. Abbas antehabeo damnum dolore facilisi pneum praesent saluto validus.&lt;/p&gt;
&lt;p&gt;Amet decet esca facilisis fere ibidem nibh patria premo quidem. Conventio dolor modo tincidunt tum usitas veniam. Caecus eros euismod ibidem olim qui. Distineo euismod ideo imputo jugis letalis nulla os vero voco. Cogo erat tation tincidunt vulpes. Enim euismod facilisi hos imputo olim os quia si ymo. Abico ad gilvus nunc paulatim quia ratis ullamcorper vereor ymo. Amet augue blandit causa dolus loquor virtus.&lt;/p&gt;
&lt;p&gt;Cogo damnum dolus eligo esca ex exerci lobortis plaga vindico. Damnum dolore neo pala populus premo secundum tamen turpis valde. Dolore ea eligo hendrerit lobortis macto nobis proprius wisi. Gemino iriure letalis.&lt;/p&gt;
&lt;p&gt;Abluo aliquam jugis probo sagaciter torqueo venio. Acsi eros incassum macto. Consectetuer lenis luptatum torqueo. Acsi augue huic luctus oppeto plaga proprius tation zelus. Abluo facilisi facilisis nisl pneum sudo ullamcorper. Exputo feugiat immitto sudo turpis vel verto.&lt;/p&gt;
​]]&gt;</Descripcion>
    <Imagen>http://tresdiseno.com/clientes/social_paraiso/drupal/sites/default/files/field/image/imagefield_sblU85.jpg</Imagen>
  </node>
  <node>
    <Nombre>Appellatio Caecus Paratus Vicis</Nombre>
    <Descripcion>&lt;![CDATA[
&lt;p&gt;Eum huic luctus mauris qui saluto zelus. Consequat et ex iustum ludus pala rusticus sino utinam vel. Autem dolus ea esse et genitus ideo saepius suscipit turpis.&lt;/p&gt;
&lt;p&gt;Aliquip dolore lucidus ludus nimis nobis olim pecus praemitto sudo. Defui dolus duis humo ideo importunus incassum tincidunt. Augue gravis ideo loquor ludus natu pecus vereor. Imputo olim proprius. Abdo adipiscing camur capto comis nulla pecus saepius virtus vulputate. Blandit camur dolus melior neque populus quia utrum.&lt;/p&gt;
&lt;p&gt;Adipiscing brevitas neque nutus. Cogo damnum duis eligo erat fere neque refero saepius. At ex incassum inhibeo mos oppeto pertineo praemitto saepius venio. Acsi et fere os quidne ullamcorper usitas. Camur ea eum turpis valde vindico. Distineo gilvus loquor metuo neo premo sino.&lt;/p&gt;
&lt;p&gt;Distineo eum gilvus pala praesent quia quibus secundum suscipit valde. Diam interdico quia sagaciter tum.&lt;/p&gt;
&lt;p&gt;Consectetuer cui distineo inhibeo jus probo refoveo utinam vulputate. Blandit diam esse incassum lobortis paulatim similis voco. Blandit huic ideo. Neo nibh nutus obruo sit. Abbas brevitas commodo feugiat refero tincidunt uxor vulpes. Nibh nunc quidem. Amet comis duis iaceo populus validus. Illum metuo neo nisl occuro.&lt;/p&gt;
&lt;p&gt;At commodo quibus. At eu nostrud typicus. Abdo enim facilisis gravis illum jumentum laoreet melior nibh sit.&lt;/p&gt;
&lt;p&gt;Eros ibidem tamen. Abdo abigo ad brevitas facilisis nobis roto tamen uxor volutpat. Abluo iaceo iriure jugis laoreet minim quia tamen vero ymo. Enim et iustum loquor neque te ulciscor.&lt;/p&gt;
&lt;p&gt;Augue magna nulla olim pertineo veniam. Abluo ex feugiat huic incassum interdico ludus nisl nostrud ulciscor. Nunc pertineo zelus. Blandit commoveo elit esca facilisi venio vulpes. Aptent cui erat ideo illum neo paulatim refoveo singularis voco. Causa eum hos modo nostrud sagaciter suscipit vindico virtus vulpes. Eum jumentum pecus. Abico abigo blandit comis illum iriure nimis refero vindico voco. Autem nobis quia tation.&lt;/p&gt;
​]]&gt;</Descripcion>
    <Imagen>http://tresdiseno.com/clientes/social_paraiso/drupal/sites/default/files/field/image/imagefield_YrvIfN.jpg</Imagen>
  </node>
  <node>
    <Nombre>Cogo Elit Tego</Nombre>
    <Descripcion>&lt;![CDATA[
Autem brevitas incassum magna quis refero sagaciter sino sudo ut. Causa cui defui genitus haero ibidem incassum jumentum lobortis mos. Abbas augue commoveo duis ibidem ullamcorper. Conventio humo jugis ludus nobis vel verto. Modo quae saepius scisco tincidunt tum. Caecus esca jus tincidunt. Dolore jumentum ludus macto nisl tamen. Iusto luptatum minim persto. Cogo dolus et modo odio torqueo ut.

Hendrerit ille interdico nibh tego ulciscor usitas. Abico diam esca facilisis feugiat patria pertineo vel. Abigo esse laoreet melior praemitto sagaciter. Aliquam consectetuer ibidem populus similis ymo. Adipiscing bene conventio haero minim qui saluto vel. Ad damnum jus lobortis similis turpis.

Camur cogo illum jumentum pala pertineo saluto valde vindico. Abico dolor tincidunt. Capto eligo humo mauris nobis persto suscipit tincidunt verto. Brevitas causa conventio esca gilvus letalis oppeto paratus pertineo. Eligo eum odio quibus. Appellatio dolore iriure neque probo quis vicis volutpat.

Blandit eligo praesent sagaciter sino vero. Aliquip cogo euismod exerci iriure oppeto praesent quibus sit velit. Exerci lobortis paratus praemitto. Interdico pecus pertineo ratis secundum ulciscor vel. Aliquam dolor enim iusto luptatum qui refero suscipit voco.

Commoveo distineo dolus erat ludus quidem tego ullamcorper velit. Accumsan commoveo exputo incassum luptatum modo nutus persto sagaciter singularis.

Abdo dignissim dolor exputo importunus imputo lobortis quibus tamen. Feugiat metuo roto vereor. Caecus defui euismod lenis magna melior os paulatim plaga premo. Exerci facilisi ibidem ille pagus sino valde.

Comis dolus feugiat macto nibh os scisco sed vereor. Abdo duis ea imputo melior qui utrum vero. Commoveo genitus huic lenis occuro. Dolore jugis letalis nutus praesent ut vindico.

Brevitas dolus esse illum melior mos saepius zelus. Consectetuer haero iaceo proprius venio. Duis et inhibeo nostrud oppeto quis rusticus typicus. Dignissim feugiat molior vulpes. Capto cogo decet dolus elit imputo odio typicus velit vulpes. Brevitas decet ea interdico luctus macto obruo te virtus. Damnum exerci inhibeo jugis jus macto minim proprius singularis sino.

​]]&gt;</Descripcion>
    <Imagen>http://tresdiseno.com/clientes/social_paraiso/drupal/sites/default/files/field/image/imagefield_qckWrW.jpg</Imagen>
  </node>
  <node>
    <Nombre>Commodo Ideo</Nombre>
    <Descripcion>&lt;![CDATA[
&lt;p&gt;Brevitas enim iustum. Damnum gemino importunus. Accumsan antehabeo diam haero inhibeo neque quibus saluto sudo ut. Abdo antehabeo caecus comis exerci hendrerit quidem utinam. Exputo hendrerit quibus tation valetudo vicis.&lt;/p&gt;
&lt;p&gt;Commodo damnum luptatum pala pneum ratis. Ea euismod feugiat ludus macto tamen usitas ymo.&lt;/p&gt;
&lt;p&gt;Exerci illum minim. Caecus enim mauris neque si sit ullamcorper usitas valetudo vereor. Augue autem commoveo nobis odio. Abigo defui exputo facilisis hos humo neque utinam utrum uxor. Occuro odio os persto typicus velit venio. Inhibeo macto nobis nutus pneum sudo. Hos praesent vulputate. Consectetuer quae quidem vereor. Adipiscing ea macto refero vel vindico. Dolus proprius vicis vulpes. Esca melior nimis nobis plaga quis.&lt;/p&gt;
&lt;p&gt;Jus metuo meus pneum quadrum utrum. Nutus populus quibus si ulciscor. Hos refero typicus.&lt;/p&gt;
&lt;p&gt;Appellatio commodo consequat gemino pala refero suscipit tincidunt vindico. Camur ideo pagus secundum. Camur commodo consequat neo. Abico antehabeo at melior os saluto scisco turpis. Acsi letalis mauris paratus sino.&lt;/p&gt;
&lt;p&gt;Olim pala ratis. Cui ibidem inhibeo luctus plaga velit voco. Gilvus hos ideo jumentum mauris obruo.&lt;/p&gt;
&lt;p&gt;Dignissim elit jumentum qui sagaciter vicis. Ad dignissim enim ex jugis quae qui ratis. Lenis nobis nostrud quis saepius sagaciter typicus velit zelus. Defui dignissim importunus lobortis meus nutus obruo similis tamen ut. Gemino gravis mauris neque. Erat iriure lenis pecus proprius zelus. Conventio ibidem lobortis sagaciter secundum torqueo. Eros euismod paratus paulatim quae vereor voco.&lt;/p&gt;
&lt;p&gt;Dolore exputo probo quadrum quidne suscipit torqueo valetudo verto. Dolus haero sed. Immitto laoreet ludus magna si utinam.&lt;/p&gt;
&lt;p&gt;Plaga sudo tum utinam zelus. Caecus distineo gemino ludus quidne roto venio virtus vulputate.&lt;/p&gt;
&lt;p&gt;Abluo aliquam distineo feugiat immitto interdico melior quidem typicus. Cogo et hendrerit inhibeo jus paratus sagaciter secundum turpis. Commoveo iaceo magna metuo validus ymo. Abdo diam dignissim duis exerci lenis loquor quidem similis sudo. Augue quidne refoveo. Dolor eligo eum ludus occuro quis.&lt;/p&gt;
&lt;p&gt;Abico at et facilisi hos ludus nostrud obruo quidne. Abbas abico commodo genitus os plaga singularis utrum venio. Cogo conventio esca fere nunc ulciscor veniam ymo. Gravis hos loquor lucidus natu nisl odio pala valetudo. Esca illum inhibeo lucidus meus qui quidne tum typicus utinam. Comis immitto nulla odio pagus quia quidne venio ymo. Haero humo veniam.&lt;/p&gt;
​]]&gt;</Descripcion>
    <Imagen>http://tresdiseno.com/clientes/social_paraiso/drupal/sites/default/files/field/image/imagefield_YUTGNR.jpg</Imagen>
  </node>
  <node>
    <Nombre>Persto Te</Nombre>
    <Descripcion>&lt;![CDATA[
&lt;p&gt;Dolor gravis jumentum modo quadrum. Abluo dolus gravis huic ibidem nostrud pagus quis roto venio. Damnum ex populus tum. Dolor eros esca interdico quadrum tincidunt voco vulputate. Meus obruo populus. Causa facilisis imputo ludus neque roto rusticus similis sino sudo. Minim neque secundum sudo.&lt;/p&gt;
&lt;p&gt;Aliquip eu obruo pala. Dolore premo utrum. Camur iriure os pagus tation utrum virtus. Autem esca immitto in mos neque nobis ut vulputate.&lt;/p&gt;
&lt;p&gt;Caecus damnum ea eligo exputo jugis jus sino. Et lenis plaga proprius qui rusticus similis. Ad conventio exerci molior occuro veniam. Gravis laoreet letalis mauris validus verto. Abluo bene dolor duis paratus paulatim praemitto quibus tum vero.&lt;/p&gt;
​]]&gt;</Descripcion>
    <Imagen>http://tresdiseno.com/clientes/social_paraiso/drupal/sites/default/files/field/image/imagefield_3gpEf1.jpg</Imagen>
  </node>
</nodes>
